Method,TP,Best Epoch,Best_Accuracy,Best_Precision,Best_Recall,Best_F1,Mean_Accuracy,Std_Accuracy,CI_lo_Accuracy,CI_hi_Accuracy,Mean_Precision,Std_Precision,CI_lo_Precision,CI_hi_Precision,Mean_Recall,Std_Recall,CI_lo_Recall,CI_hi_Recall,Mean_F1,Std_F1,CI_lo_F1,CI_hi_F1
SVM,2,,0.7891,0.8287,0.6886,0.7321,,,,,,,,,,,,,,,,
RF,2,,0.8027,0.8056,0.7191,0.7374,,,,,,,,,,,,,,,,
LSTM,2,60.0,0.8095,0.777,0.7082,0.7256,0.78366,0.03250118630313532,0.7619,0.79998,0.72522,0.02524157945401464,0.71133,0.74093,0.6925000000000001,0.03828861159375954,0.6662397499999999,0.7100105,0.6939200000000001,0.03973813729348112,0.6669189999999999,0.71241
Transformer,2,40.0,0.7891,0.7775,0.7029,0.729,0.7639400000000001,0.0212752960548666,0.7510200000000001,0.77618,0.7205999999999999,0.026169023248447342,0.7063597500000001,0.7367102500000001,0.68872,0.03180862217142459,0.66909925,0.70556025,0.69191,0.028980738814292167,0.67445,0.7076499999999999
Exp-A,2,110.0,0.8082,0.7261,0.7034,0.7072,0.7276571428571427,0.08829669060292449,0.6888428571428573,0.7619047619047619,0.6012238095238095,0.19928671281538546,0.5121836904761906,0.6775285714285714,0.5891571428571428,0.14815476560485177,0.5224504761904761,0.6450383333333334,0.5792761904761905,0.17547085770794507,0.5008941666666668,0.6462811904761905
Exp-B,2,110.0,0.6986,0.6924,0.6144,0.6198,0.6722000000000002,0.0423513163904028,0.6532857142857145,0.688509523809524,0.5703999999999999,0.11307250328881907,0.5189119047619049,0.6133041666666667,0.5300761904761904,0.07933182151420642,0.49403297619047615,0.5594433333333333,0.5286714285714285,0.09995928242468101,0.4831607142857143,0.5652675
Exp-C,2,500.0,0.8356,0.8213,0.7533,0.7735,0.7994190476190475,0.013374551171819536,0.793880833333333,0.8052904761904761,0.7544857142857143,0.03234265427750614,0.7409991666666668,0.7678622619047619,0.7093952380952382,0.020730472165160066,0.700695,0.7181954761904761,0.7143047619047619,0.021192250380515892,0.7058711904761904,0.7236623809523809
Exp-D,2,440.0,0.8493,0.8566,0.767,0.7948,0.8193095238095237,0.02171395645113771,0.8101714285714285,0.8281238095238095,0.7986285714285712,0.029280507899576178,0.7869513095238095,0.8110003571428571,0.7231095238095239,0.03013710179764977,0.7104476190476191,0.7357571428571428,0.7449619047619048,0.02700906285287358,0.7340522619047617,0.7563107142857143
Exp-E,2,370.0,0.8014,0.7537,0.7101,0.7113,0.7527761904761906,0.02823000008434123,0.7407142857142859,0.7645142857142857,0.7088999999999999,0.04287008280841081,0.6908853571428571,0.7260380952380953,0.6487142857142858,0.03922562027188716,0.6321758333333334,0.6650336904761905,0.6410619047619048,0.040927075099382274,0.6238854761904762,0.6581436904761905
Exp-F,2,160.0,0.8082,0.7398,0.7055,0.7083,0.7446190476190475,0.06286598936664896,0.7155952380952382,0.7677809523809523,0.6701380952380953,0.061623392280776595,0.6430421428571429,0.6941672619047619,0.6446000000000001,0.044098979580031096,0.6257283333333333,0.6631813095238096,0.6377476190476189,0.056458627498794364,0.6132042857142856,0.6603583333333333
SVM,3,,0.7755,0.7569,0.6627,0.6857,,,,,,,,,,,,,,,,
RF,3,,0.7959,0.7995,0.7043,0.7386,,,,,,,,,,,,,,,,
LSTM,3,90.0,0.8231,0.7574,0.7511,0.7508,0.77278,0.03699599978376043,0.74966,0.79386,0.70441,0.03258586776161988,0.68624975,0.72447,0.6888500000000001,0.04790233698775967,0.6582785,0.71544025,0.68338,0.050829973659468126,0.6515184999999999,0.7120507500000001
Transformer,3,70.0,0.8367,0.8081,0.7803,0.7868,0.7639400000000001,0.035122363878936795,0.74422,0.7857000000000001,0.72672,0.03547471086719541,0.70787875,0.7495910000000001,0.67683,0.05376851722378483,0.6461990000000001,0.70984,0.68312,0.0493208272436706,0.6553077500000001,0.71403125
Exp-A,3,610.0,0.8288,0.7497,0.73,0.7381,0.7935523809523808,0.01565984096495296,0.7870333333333333,0.8004,0.7108380952380953,0.02703054709380624,0.6998332142857142,0.7227097619047619,0.6744809523809524,0.030036438188434034,0.6615857142857143,0.6871096428571428,0.6868761904761903,0.025176733401335142,0.6763189285714285,0.6977810714285715
Exp-B,3,170.0,0.7603,0.6834,0.6602,0.6644,0.7243904761904763,0.022508440744794043,0.7146000000000001,0.7335144047619048,0.6524095238095237,0.02956753125916848,0.6400283333333333,0.6645285714285715,0.5977238095238097,0.02726624111904508,0.5867760714285714,0.6095334523809524,0.6012666666666666,0.029333195075431747,0.5892094047619048,0.6135859523809524
Exp-C,3,460.0,0.8288,0.7923,0.7265,0.7426,0.793547619047619,0.016111226491103005,0.7866780952380951,0.8000761904761904,0.7206666666666667,0.031952297778615746,0.7074476190476191,0.7342621428571429,0.6819809523809524,0.0250966455736144,0.6716469047619048,0.6921338095238094,0.6876285714285716,0.02309322720749836,0.6782238095238096,0.6974002380952379
Exp-D,3,650.0,0.8219,0.794,0.7226,0.7435,0.7818047619047619,0.016951208694086558,0.7749570238095236,0.7889763095238096,0.7324047619047619,0.03777262866402703,0.7167095238095239,0.7484620238095239,0.6531857142857144,0.03472197122448962,0.6388454761904762,0.6676338095238095,0.6741,0.031173803104529937,0.6614140476190477,0.687404880952381
Exp-E,3,600.0,0.8014,0.7665,0.7139,0.7322,0.7560333333333332,0.02446285619737265,0.7459238095238095,0.7661523809523809,0.6704000000000001,0.051617332360361284,0.648942142857143,0.6917289285714285,0.6358380952380952,0.05006619094948682,0.6150617857142856,0.6565817857142858,0.6393714285714285,0.050177157580488185,0.6187571428571429,0.6599714285714287
Exp-F,3,200.0,0.8425,0.8129,0.7343,0.7617,0.811490476190476,0.022888685081539854,0.8013761904761904,0.8206333333333333,0.7576666666666666,0.04799395100773985,0.7359034523809524,0.7761619047619047,0.7085857142857144,0.041012026110816384,0.6900090476190478,0.7246953571428573,0.7186333333333332,0.042060151370784844,0.6995566666666666,0.735052619047619
Exp-G,3,140.0,0.863,0.8193,0.7968,0.8024,0.7889809523809522,0.04639357303601028,0.7690857142857142,0.8075715476190476,0.7218238095238095,0.09367250879933721,0.6811235714285714,0.7584621428571429,0.6603428571428571,0.06829013524242407,0.6314944047619048,0.6878525000000002,0.6676095238095239,0.08034693463201882,0.6335846428571429,0.7001194047619047
Exp-H,3,260.0,0.8425,0.8123,0.7639,0.7791,0.802347619047619,0.027257138863931035,0.7909332142857141,0.8134523809523808,0.769047619047619,0.035587885846838654,0.7530330952380953,0.7827809523809525,0.6932380952380952,0.05065585332605184,0.6718278571428572,0.7142295238095238,0.6995714285714285,0.058295318361401394,0.6750809523809523,0.7236147619047619
Exp-I,3,230.0,0.8356,0.7963,0.7591,0.7554,0.8157333333333332,0.013337366056809461,0.8101857142857141,0.8212761904761905,0.765747619047619,0.022684325404287844,0.7563094047619047,0.7750905952380953,0.7177857142857142,0.024994885191060297,0.7072094047619047,0.728224404761905,0.7266857142857143,0.021559737607732738,0.7175665476190476,0.7354810714285714
Exp-J,3,180.0,0.8493,0.8421,0.767,0.799,0.8134428571428571,0.0399910186345456,0.7951809523809523,0.8281285714285713,0.7682190476190476,0.0786245293725032,0.7330791666666667,0.7977858333333335,0.7009904761904762,0.06189139604793145,0.6737708333333332,0.7248671428571428,0.7217380952380952,0.06996719571478105,0.6904998809523808,0.7485670238095238
SVM,4,,0.7945,0.8212,0.6895,0.7216,,,,,,,,,,,,,,,,
RF,4,,0.8014,0.7666,0.7077,0.7318,,,,,,,,,,,,,,,,
LSTM,4,100.0,0.8356,0.767,0.7507,0.7549,0.7869900000000001,0.044553225347766796,0.75892,0.81165,0.7148500000000001,0.039001972884572,0.69064975,0.7366499999999999,0.70378,0.049101794490855645,0.6721177500000001,0.72973025,0.7036199999999999,0.04640550254729138,0.67403,0.7285309999999999
Transformer,4,60.0,0.7945,0.7852,0.7126,0.7371,0.77055,0.024862745445970183,0.7554700000000001,0.7842600000000001,0.7333000000000001,0.04382503089939965,0.70833875,0.7591902500000001,0.6662800000000001,0.030686580490863147,0.64818,0.6837510000000001,0.6856099999999999,0.03296811422504411,0.667079,0.70504025
Exp-A,4,330.0,0.7862,0.7498,0.6798,0.7055,0.7576142857142857,0.01484473932793316,0.7513714285714285,0.7635285714285716,0.6807190476190477,0.028384090949819397,0.669352380952381,0.6929289285714286,0.6377047619047618,0.02794298617167599,0.6260707142857144,0.649200476190476,0.6446761904761905,0.02719534711604,0.6333280952380952,0.6559241666666668
Exp-B,4,270.0,0.7655,0.687,0.6451,0.6567,0.7070428571428571,0.03331215350932106,0.692604761904762,0.7208333333333333,0.6150190476190477,0.07328764983984423,0.5833804761904763,0.6435525000000002,0.5785285714285714,0.03502873310379841,0.5631238095238096,0.5921763095238095,0.5599047619047619,0.050002874679266944,0.5383904761904763,0.5801382142857142
Exp-C,4,450.0,0.7931,0.7061,0.7121,0.7004,0.7661571428571428,0.01541416787986206,0.7595857142857142,0.7727285714285714,0.6641666666666667,0.02877045938690124,0.6526380952380952,0.6765147619047619,0.656204761904762,0.030227859272374494,0.643447619047619,0.6688142857142857,0.6523666666666668,0.025757646113985903,0.6416475,0.6631051190476192
Exp-D,4,610.0,0.8552,0.8324,0.7913,0.8053,0.8082142857142859,0.02503274427054064,0.7973714285714286,0.8183999999999999,0.7695761904761905,0.03028118070290366,0.7569139285714285,0.7823285714285714,0.7079095238095239,0.050045758109573124,0.6863950000000001,0.7280725000000001,0.7225476190476191,0.04143594597746767,0.7048377380952381,0.7395190476190476
Exp-E,4,310.0,0.7793,0.7174,0.6735,0.6764,0.7415238095238095,0.030803667066794264,0.7277333333333333,0.7530142857142856,0.6609857142857143,0.055446003334003124,0.6376278571428572,0.6831716666666666,0.6261380952380952,0.025721128983590053,0.6152948809523809,0.6367096428571428,0.6170380952380954,0.03319202428582018,0.6029803571428571,0.630647619047619
Exp-F,4,210.0,0.8276,0.7601,0.7552,0.7509,0.774047619047619,0.041666804761675905,0.7556617857142857,0.7904714285714285,0.7044714285714286,0.05087321636044984,0.6832092857142856,0.7260428571428571,0.6719952380952381,0.03788827623672626,0.6559283333333333,0.6875857142857142,0.6664904761904761,0.03965682671069265,0.6500710714285715,0.6831334523809522
